<?xml version="1.0" encoding="UTF-8"?>
<beans xmlns="http://www.springframework.org/schema/beans"
	xmlns:xsi="http://www.w3.org/2001/XMLSchema-instance"
	xsi:schemaLocation="http://www.springframework.org/schema/beans http://www.springframework.org/schema/beans/spring-beans.xsd">
<beans>

<bean id="cust" class="com.cap.model.Customer" >
<property name="customerId" value="1001"/>
<property name="customerName" value="Asish"/>
<property name="regFees" value="1200.00"/>
<property name="address" ref="add"/>

</bean>
<bean id="add" class="com.cap.model.Address" >
<property name="city" value="kolkata"/>
<property name="state" value="Bengal"/>
</bean>
</beans>
</beans>